{"cameraMode":{"drawMode":0,"name":"Shaded","section":"Shading Mode"},"sceneLighting":true,"audioPlay":false,"sceneViewState":{"showFog":true,"showMaterialUpdate":false,"showSkybox":true,"showFlares":true,"showImageEffects":true,"showParticleSystems":true},"in2DMode":false,"pivot":{"x":-0.43301451206207278,"y":1.9844624996185303,"z":2.9680256843566896},"rotation":{"x":-0.017999254167079927,"y":0.002694040769711137,"z":-0.00004745765545521863,"w":-0.9998422265052795},"size":1.030203938484192,"orthographic":false}